Planning Area of Residence,Subzone,Total,0 - 4,9-May,14-Oct,15 - 19,20 - 24,25 - 29,30 - 34,35 - 39,40 - 44,45 - 49,50 - 54,55 - 59,60 - 64,65 - 69,70 - 74,75 - 79,80 - 84,85 - 89,90 & Over
Total,Total,"4,044,210","183,080","198,740","206,390","215,230","244,540","287,000","297,800","299,520","299,290","311,740","296,070","305,830","284,630","229,400","170,010","90,990","66,510","36,590","20,880"
Ang Mo Kio,Total,"162,280","5,280","6,100","7,030","7,600","8,680","10,320","10,490","10,420","11,350","12,410","11,860","12,780","12,730","11,960","9,930","5,770","4,150","2,280","1,130"
,Ang Mo Kio Town Centre,"4,810",170,240,280,320,270,280,290,330,400,470,370,320,300,250,230,140,100,40,20
,Cheng San,"28,070","1,060","1,040","1,040","1,160","1,330","1,710","2,000","2,150","2,070","2,200","2,050","2,120","2,120","2,170","1,730",960,640,350,180
,Chong Boon,"26,500",860,840,"1,010","1,060","1,310","1,610","1,890","1,730","1,800","1,820","1,900","2,090","2,140","2,100","1,800","1,130",780,430,200
,Kebun Bahru,"22,620",660,810,950,"1,010","1,170","1,420","1,410","1,450","1,620","1,790","1,710","1,800","1,750","1,690","1,430",840,620,340,160
,Sembawang Hills,"6,850",210,310,400,460,500,500,350,310,370,550,540,550,480,410,370,230,150,100,60
,Shangri-La,"15,960",550,560,640,710,860,980,"1,020",990,"1,010","1,210","1,200","1,390","1,270","1,180",960,620,430,250,130
,Tagore,"7,950",210,310,400,450,580,670,490,340,440,580,580,670,730,550,380,210,190,120,60
,Townsville,"21,140",660,860,930,820,890,"1,310","1,400","1,410","1,650","1,560","1,360","1,580","1,660","1,530","1,420",880,680,360,190
,Yio Chu Kang,20,-,-,-,-,-,-,-,-,-,-,-,-,-,-,-,-,-,-,-
,Yio Chu Kang East,"4,200",160,170,200,260,310,320,230,240,260,320,290,330,380,260,200,110,80,40,30
,Yio Chu Kang North,-,-,-,-,-,-,-,-,-,-,-,-,-,-,-,-,-,-,-,-
,Yio Chu Kang West,"24,150",750,950,"1,190","1,350","1,460","1,540","1,400","1,480","1,720","1,910","1,850","1,950","1,910","1,820","1,400",640,480,250,110
Bedok,Total,"276,990","9,790","11,490","12,810","14,080","16,050","18,870","18,360","17,730","19,500","21,090","20,050","21,950","21,860","19,030","15,230","8,020","5,810","3,310","1,970"
,Bayshore,"7,450",340,490,480,450,360,310,360,550,770,860,650,510,400,350,280,130,90,40,50
,Bedok North,"81,840","2,710","3,080","3,440","4,000","4,760","5,620","5,280","5,100","5,670","5,960","6,030","6,950","6,560","5,980","4,920","2,550","1,740",970,540
,Bedok Reservoir,"25,470","1,100","1,270","1,400","1,510","1,490","1,600","1,830","1,900","2,090","2,110","1,920","1,840","1,800","1,550","1,050",470,310,160,80
,Bedok South,"46,690","1,430","1,730","2,120","2,300","2,740","3,130","2,920","2,700","3,050","3,490","3,430","3,730","3,740","3,360","2,820","1,650","1,230",720,410
,Frankel,"34,490","1,460","2,060","2,060","1,810","1,820","2,050","2,000","2,360","2,950","3,180","2,510","2,280","2,110","1,880","1,610",840,750,470,290
,Kaki Bukit,"37,150","1,200","1,250","1,580","1,930","2,510","3,140","2,830","2,280","2,260","2,460","2,450","3,240","3,510","2,740","1,930",820,580,260,190
,Kembangan,"37,460","1,410","1,360","1,480","1,780","2,020","2,620","2,790","2,520","2,290","2,520","2,620","2,940","3,240","2,750","2,140","1,250",860,530,350
,Siglap,"6,440",160,250,260,310,360,400,360,320,430,520,450,460,500,430,480,310,250,140,70
Bishan,Total,"87,320","2,790","3,720","4,300","4,630","5,240","6,930","5,730","5,090","5,750","6,720","6,290","6,960","7,130","5,850","4,390","2,430","1,760","1,050",560
,Bishan East,"28,310",870,"1,130","1,300","1,380","1,470","2,280","2,150","1,730","1,890","2,160","1,880","2,110","2,420","2,090","1,560",820,590,320,150
,Marymount,"29,620","1,010","1,340","1,540","1,680","2,030","2,630","1,840","1,770","1,950","2,240","2,190","2,530","2,360","1,790","1,250",650,450,220,150
,Upper Thomson,"29,390",910,"1,260","1,450","1,560","1,740","2,010","1,740","1,590","1,910","2,330","2,230","2,310","2,350","1,960","1,580",970,720,510,260
Boon Lay,Total,40,-,-,-,-,-,-,-,-,-,-,-,-,-,-,-,-,-,-,-
,Liu Fang,10,-,-,-,-,-,-,-,-,-,-,-,-,-,-,-,-,-,-,-
,Samulun,10,-,-,-,-,-,-,-,-,-,-,-,-,-,-,-,-,-,-,-
,Shipyard,-,-,-,-,-,-,-,-,-,-,-,-,-,-,-,-,-,-,-,-
,Tukang,10,-,-,-,-,-,-,-,-,-,-,-,-,-,-,-,-,-,-,-
Bukit Batok,Total,"158,030","7,920","6,820","7,690","8,570","9,800","12,480","13,630","10,980","10,660","11,680","11,900","12,500","11,750","9,330","5,800","2,880","1,940","1,130",590
,Brickworks,"19,820","2,710","1,200",850,730,660,"2,280","3,540","1,670","1,460","1,280",990,790,640,430,270,140,90,70,20
,Bukit Batok Central,"27,290","1,310","1,230","1,340","1,490","1,560","1,900","2,460","1,950","1,860","1,940","1,960","2,020","2,100","1,750","1,150",570,400,200,120
,Bukit Batok East,"12,690",340,340,540,600,810,960,880,810,800,970,930,"1,160","1,220","1,060",640,280,200,110,60
,Bukit Batok South,"14,930",690,710,760,840,"1,110","1,190","1,240","1,130",930,"1,010","1,180","1,310","1,160",830,440,170,140,70,30
,Bukit Batok West,"15,000",660,640,710,790,950,990,"1,180","1,100","1,010","1,050","1,100","1,180","1,220","1,070",640,310,200,130,80
,Gombak,"9,930",350,490,590,590,620,700,610,720,840,800,750,710,630,550,400,240,170,120,50
,Guilin,"12,940",430,570,650,750,830,870,850,940,940,"1,100","1,110","1,100",920,750,470,270,200,120,70
,Hillview,"19,300",560,720,"1,040","1,350","1,600","1,490","1,060","1,010","1,200","1,640","1,840","1,860","1,400","1,080",680,360,220,130,70
,Hong Kah North,"26,150",870,930,"1,210","1,440","1,680","2,110","1,800","1,650","1,630","1,900","2,040","2,370","2,460","1,810","1,100",540,340,180,90
Bukit Merah,Total,"151,250","5,970","6,470","6,670","6,130","6,640","8,890","10,540","10,650","11,750","11,830","10,630","10,670","11,110","10,220","9,130","5,620","4,410","2,400","1,530"
,Alexandra Hill,"13,490",370,420,570,630,790,870,840,720,750,950,960,"1,070","1,140","1,070",950,540,410,280,170
,Alexandra North,"2,620",160,200,160,110,100,130,240,320,330,300,180,130,100,70,40,30,20,10,-
,Bukit Ho Swee,"14,390",460,570,560,500,620,820,930,980,960,"1,010",970,"1,120","1,270","1,110",930,630,490,270,190
,Bukit Merah,"1,110",30,50,60,60,70,60,60,60,70,80,90,90,70,80,90,50,30,10,10
,City Terminals,20,-,-,-,-,-,-,-,-,-,-,-,-,-,-,-,-,-,-,-
,Depot Road,"6,540",350,400,380,280,280,310,470,570,670,620,440,370,340,330,320,190,120,60,40
,Everton Park,"7,810",220,290,310,310,330,470,510,540,590,680,570,520,580,620,500,310,250,130,80
,Henderson Hill,"13,320",440,450,490,530,660,860,930,780,780,890,"1,010","1,050","1,140",970,890,550,500,280,150
,Kampong Tiong Bahru,"9,010",220,240,340,350,430,530,490,490,540,650,690,720,780,790,700,420,360,170,100
,Maritime Square,"3,620",200,240,190,170,110,140,180,360,430,400,310,240,190,140,120,70,70,50,40
,Redhill,"10,620",490,640,660,500,470,630,650,750,"1,080",900,790,730,620,510,440,270,230,120,140
,Singapore General Hospital,10,-,-,-,-,-,-,-,-,-,-,-,-,-,-,-,-,-,-,-
,Telok Blangah Drive,"19,320","1,190",870,740,710,710,"1,090","2,010","1,680","1,550","1,390","1,180","1,230","1,200","1,150","1,110",660,480,260,120
,Telok Blangah Rise,"12,150",350,390,430,510,580,740,660,680,840,920,850,860,"1,030","1,120",970,580,360,180,100
,Telok Blangah Way,"9,230",240,340,380,350,380,480,460,540,690,770,680,740,820,710,620,420,310,180,110
,Tiong Bahru,"12,890",690,670,560,430,440,720,"1,080","1,120","1,250","1,020",800,730,790,810,690,440,340,170,150
,Tiong Bahru Station,"15,120",560,690,830,700,670,"1,050","1,010","1,060","1,230","1,250","1,110","1,070","1,050",750,780,480,440,230,140
Bukit Panjang,Total,"138,270","6,250","7,090","7,310","8,150","9,290","10,530","10,460","10,100","9,360","10,490","10,100","11,250","10,280","7,370","4,790","2,400","1,670",890,490
,Bangkit,"22,270",680,730,930,"1,190","1,520","1,900","1,560","1,230","1,340","1,540","1,730","2,190","2,020","1,440",970,580,390,230,120
,Dairy Farm,"6,940",310,390,440,510,450,470,460,440,560,640,560,550,430,310,210,90,70,30,20
,Fajar,"27,820","1,530","1,680","1,580","1,590","1,720","2,140","2,350","2,240","1,970","1,980","1,850","2,140","1,820","1,380",870,470,310,150,70
,Jelebu,"31,310",930,"1,090","1,410","1,840","2,440","2,750","2,190","1,740","1,840","2,380","2,600","2,890","2,660","1,930","1,230",620,460,220,110
,Nature Reserve,"3,850",150,190,240,250,280,260,200,220,260,370,350,340,270,190,150,60,60,20,20
,Saujana,"25,920","1,520","1,660","1,460","1,510","1,740","1,820","2,130","2,300","1,840","1,870","1,710","1,880","1,840","1,230",720,290,200,120,80
,Senja,"20,170","1,130","1,360","1,260","1,260","1,150","1,190","1,570","1,930","1,570","1,730","1,320","1,260","1,240",890,640,290,190,120,70
Bukit Timah,Total,"77,860","3,130","4,900","4,950","4,850","4,630","4,570","4,120","4,800","5,790","6,730","6,060","5,310","4,950","4,220","3,650","2,160","1,590",920,550
,Anak Bukit,"21,870",700,"1,080","1,190","1,310","1,430","1,660","1,310","1,260","1,370","1,640","1,600","1,580","1,730","1,400","1,080",650,470,270,150
,Coronation Road,"6,690",300,500,490,440,380,330,330,440,540,610,480,400,360,330,280,220,150,80,50
,Farrer Court,"6,180",300,490,440,370,280,290,350,470,530,630,490,380,290,240,260,140,110,70,40
,Hillcrest,"9,470",440,780,610,600,560,420,410,650,760,850,740,640,560,390,400,260,210,130,70
,Holland Road,"10,840",460,780,800,770,670,510,500,650,900,"1,080",920,700,560,500,410,260,200,100,70
,Leedon Park,"6,440",300,320,400,370,360,360,350,400,500,570,580,440,390,350,360,180,110,60,50
,Swiss Club,"5,340",240,320,340,330,300,330,280,360,400,430,420,350,320,300,210,150,120,80,60
,Ulu Pandan,"11,020",400,630,680,650,640,660,570,580,800,930,820,830,740,710,660,310,230,130,60
Central Water Catchment,Total,-,-,-,-,-,-,-,-,-,-,-,-,-,-,-,-,-,-,-,-
,Central Water Catchment,-,-,-,-,-,-,-,-,-,-,-,-,-,-,-,-,-,-,-,-
Changi,Total,"1,850",130,140,150,110,100,90,140,150,170,160,130,100,100,70,60,20,20,10,10
,Changi Airport,10,-,-,-,-,-,-,-,-,-,-,-,-,-,-,-,-,-,-,-
,Changi Point,540,10,10,20,20,40,30,20,20,30,50,60,60,60,50,30,20,10,-,10
,Changi West,"1,300",120,130,130,80,60,70,120,130,140,120,80,40,40,20,20,10,-,10,-
Changi Bay,Total,-,-,-,-,-,-,-,-,-,-,-,-,-,-,-,-,-,-,-,-
,Changi Bay,-,-,-,-,-,-,-,-,-,-,-,-,-,-,-,-,-,-,-,-
Choa Chu Kang,Total,"192,070","8,990","9,280","10,210","12,090","15,450","16,610","14,430","13,200","12,640","14,130","16,080","16,140","12,760","8,590","5,380","2,680","1,840","1,040",540
,Choa Chu Kang Central,"22,530",820,"1,090","1,330","1,430","1,790","1,950","1,360","1,470","1,650","1,810","1,970","1,990","1,490","1,000",650,340,220,110,70
,Choa Chu Kang North,"31,930",850,"1,120","1,640","2,400","3,510","3,060","1,660","1,570","1,640","2,280","3,400","3,230","2,270","1,410",850,430,330,220,80
,Keat Hong,"38,180","3,540","2,660","2,060","2,060","2,310","3,260","4,690","3,480","2,650","2,430","2,430","2,280","1,730","1,120",700,330,240,150,60
,Peng Siang,"34,720","1,660","1,750","1,760","2,040","2,570","2,980","2,750","2,650","2,300","2,430","2,670","2,880","2,360","1,730","1,130",450,310,200,110
,Teck Whye,"24,320",760,760,"1,010","1,350","1,910","2,310","1,600","1,370","1,260","1,640","1,910","2,440","2,070","1,570","1,040",620,400,200,110
,Yew Tee,"40,390","1,360","1,890","2,400","2,810","3,370","3,060","2,390","2,660","3,140","3,560","3,700","3,330","2,840","1,760","1,010",510,350,160,100
Clementi,Total,"91,990","3,760","4,340","4,650","4,470","4,650","5,110","5,920","6,800","7,260","7,420","6,520","6,400","6,080","6,260","5,660","2,960","2,130","1,040",570
,Clementi Central,"14,000",480,610,700,660,710,880,830,910,"1,050","1,170",970,990,990,"1,000",910,510,340,190,110
,Clementi North,"28,810","1,390","1,220","1,160","1,130","1,290","1,540","2,190","2,350","2,210","2,160","1,880","1,980","1,840","2,040","1,970","1,030",820,390,230
,Clementi West,"15,260",480,630,740,760,840,810,820,"1,010","1,230","1,270","1,210","1,150","1,210","1,170",960,470,310,140,70
,Clementi Woods,"16,000",680,740,800,810,830,870,"1,060","1,250","1,190","1,200","1,110","1,180","1,060","1,060","1,000",530,380,170,90
,Faber,"5,360",270,430,440,320,280,290,370,470,540,500,360,290,220,220,160,110,60,40,20
,Pandan,20,-,-,-,-,-,-,-,-,-,-,-,-,-,-,-,-,-,-,-
,Sunset Way,"5,650",170,230,270,310,320,360,330,320,370,400,440,420,430,470,380,200,150,70,30
,Toh Tuck,20,-,-,-,-,-,-,-,-,-,-,-,-,-,-,-,-,-,-,-
,West Coast,"6,870",290,480,550,470,390,370,320,480,660,720,550,400,340,310,290,130,90,40,20
Downtown Core,Total,"3,190",110,110,60,100,100,230,330,410,340,330,250,220,190,130,130,50,50,20,60
,Anson,80,-,-,-,-,-,-,-,-,-,-,-,-,-,-,-,-,-,-,-
,Bayfront Subzone,-,-,-,-,-,-,-,-,-,-,-,-,-,-,-,-,-,-,-,-
,Bugis,890,20,30,10,30,40,60,60,90,70,70,70,60,60,70,70,30,30,10,20
,Cecil,260,10,10,10,-,10,20,40,60,30,20,20,10,10,10,-,-,-,-,-
,Central Subzone,880,40,40,30,40,20,70,90,110,110,130,70,60,40,30,20,10,-,-,-
,City Hall,80,-,-,-,-,-,-,-,-,-,-,-,-,-,-,-,-,-,-,-
,Clifford Pier,-,-,-,-,-,-,-,-,-,-,-,-,-,-,-,-,-,-,-,-
,Marina Centre,10,-,-,-,-,-,-,-,-,-,-,-,-,-,-,-,-,-,-,-
,Maxwell,-,-,-,-,-,-,-,-,-,-,-,-,-,-,-,-,-,-,-,-
,Nicoll,290,10,10,10,10,10,30,20,20,30,20,30,30,30,10,20,-,-,-,-
,Phillip,10,-,-,-,-,-,-,-,-,-,-,-,-,-,-,-,-,-,-,-
,Raffles Place,40,-,-,-,-,-,-,-,-,-,-,-,-,-,-,-,-,-,-,-
,Tanjong Pagar,670,20,20,10,10,20,50,100,100,80,70,40,50,30,20,20,10,10,-,30
Geylang,Total,"110,110","3,960","4,270","4,800","4,840","5,750","7,930","8,280","7,810","7,840","8,190","7,850","8,600","8,800","7,300","5,690","3,240","2,580","1,500",890
,Aljunied,"39,990","1,250","1,500","1,730","1,670","1,920","2,840","3,000","2,960","2,980","3,260","2,860","3,070","3,120","2,620","2,080","1,170",980,580,390
,Geylang East,"29,920","1,100","1,310","1,440","1,340","1,560","2,050","2,000","2,160","2,350","2,320","2,050","2,110","2,230","1,960","1,750",900,680,410,210
,Kallang Way,30,-,-,-,-,-,-,-,-,-,-,-,-,-,-,-,-,-,-,-
,Kampong Ubi,"11,800",400,460,520,560,750,"1,040","1,010",800,800,750,750,"1,010","1,100",840,520,260,130,60,40
,Macpherson,"28,360","1,210","1,000","1,110","1,270","1,530","2,010","2,270","1,880","1,710","1,860","2,190","2,410","2,340","1,870","1,340",900,780,450,250
Hougang,Total,"227,560","9,110","9,450","10,320","11,520","14,160","17,590","17,190","15,470","15,090","16,500","16,610","19,030","18,620","14,540","10,130","5,290","3,790","2,080","1,080"
,Defu Industrial Park,20,-,-,-,-,-,-,-,-,-,-,-,-,-,-,-,-,-,-,-
,Hougang Central,"4,720",130,130,210,280,340,440,350,260,240,320,400,400,430,310,210,110,90,40,30
,Hougang East,"24,920","1,360","1,230","1,040","1,090","1,470","2,110","2,290","2,160","1,710","1,640","1,610","2,070","1,870","1,370",920,480,280,150,80
,Hougang West,"45,460","1,330","1,420","1,730","2,000","2,910","4,030","3,540","2,750","2,580","2,960","3,310","4,430","4,410","3,390","2,210","1,090",730,430,220
,Kangkar,"32,290","1,760","1,740","1,570","1,600","1,690","2,040","2,710","2,800","2,480","2,520","2,170","2,290","2,200","1,810","1,280",740,540,250,120
,Kovan,"24,810",900,"1,110","1,270","1,420","1,650","1,890","1,660","1,560","1,700","1,960","1,740","1,940","1,920","1,510","1,120",590,450,240,180
,Lorong Ah Soo,"32,320",950,"1,140","1,390","1,690","1,910","2,270","2,180","2,010","2,180","2,490","2,410","2,580","2,700","2,300","1,810",980,750,410,180
,Lorong Halus,-,-,-,-,-,-,-,-,-,-,-,-,-,-,-,-,-,-,-,-
,Tai Seng,"13,830",430,560,690,750,970,990,830,740,850,950,"1,020","1,180","1,170",970,670,420,350,200,120
,Trafalgar,"49,200","2,260","2,110","2,420","2,700","3,220","3,830","3,640","3,210","3,340","3,670","3,950","4,150","3,930","2,880","1,910",880,600,350,150
Jurong East,Total,"78,600","2,510","2,900","3,530","4,160","4,760","5,700","5,370","5,090","5,210","5,860","5,640","6,220","6,680","5,950","4,410","2,050","1,410",750,390
,International Business Park,10,-,-,-,-,-,-,-,-,-,-,-,-,-,-,-,-,-,-,-
,Jurong Gateway,450,20,20,20,30,20,50,40,40,50,60,30,20,20,10,10,10,-,-,-
,Jurong Port,-,-,-,-,-,-,-,-,-,-,-,-,-,-,-,-,-,-,-,-
,Jurong River,10,-,-,-,-,-,-,-,-,-,-,-,-,-,-,-,-,-,-,-
,Lakeside (Business),-,-,-,-,-,-,-,-,-,-,-,-,-,-,-,-,-,-,-,-
,Lakeside (Leisure),"1,070",20,20,20,30,30,50,50,60,60,70,80,70,100,120,110,80,60,30,10
,Lakeside,"1,070",20,20,20,30,30,50,50,60,60,70,80,70,100,120,110,80,60,30,10
,Penjuru Crescent,10,-,-,-,-,-,-,-,-,-,-,-,-,-,-,-,-,-,-,-
,Teban Gardens,"18,530",760,840,890,930,"1,050","1,150","1,240","1,350","1,340","1,340","1,270","1,360","1,350","1,410","1,170",530,330,150,80
,Toh Guan,"14,590",420,500,670,860,"1,000","1,260","1,080",920,890,"1,120","1,070","1,280","1,400","1,010",570,240,170,110,50
,Yuhua East,"24,770",690,830,"1,040","1,240","1,420","1,790","1,650","1,610","1,690","1,810","1,750","1,890","2,170","1,960","1,560",720,510,280,150
,Yuhua West,"19,160",600,690,900,"1,070","1,240","1,400","1,310","1,100","1,200","1,460","1,440","1,600","1,640","1,430","1,010",480,340,170,100
Jurong West,Total,"262,730","10,580","13,000","14,990","16,110","17,400","19,300","18,330","19,890","20,880","21,220","20,120","19,360","17,820","14,550","9,650","4,560","2,820","1,420",730
,Boon Lay Place,"29,340","1,520","1,630","1,600","1,670","1,850","1,960","2,270","2,470","2,140","2,240","2,250","2,120","1,790","1,500","1,090",590,390,170,90
,Chin Bee,-,-,-,-,-,-,-,-,-,-,-,-,-,-,-,-,-,-,-,-
,Hong Kah,"53,890","1,870","2,180","2,590","3,060","3,320","3,730","3,720","3,710","3,840","4,190","3,960","4,010","4,310","3,900","2,790","1,330",800,400,180
,Jurong West Central,"63,760","2,530","3,570","4,190","4,040","3,750","4,160","4,690","5,490","6,140","5,760","4,590","4,170","4,040","3,160","1,880",770,490,240,120
,Kian Teck,40,-,-,-,-,-,-,-,-,-,-,-,-,-,-,-,-,-,-,-
,Safti,-,-,-,-,-,-,-,-,-,-,-,-,-,-,-,-,-,-,-,-
,Taman Jurong,"39,920","2,030","2,180","2,260","2,430","2,650","2,860","2,910","3,120","3,040","3,160","3,230","2,840","2,490","1,970","1,330",660,410,250,110
,Wenya,"8,280",440,610,670,540,380,460,500,820,900,740,540,420,390,330,220,120,80,60,50
,Yunnan,"67,500","2,190","2,830","3,680","4,370","5,440","6,130","4,240","4,280","4,810","5,130","5,550","5,790","4,800","3,690","2,340","1,080",650,310,190
Kallang,Total,"101,290","3,930","4,130","4,100","4,280","4,560","5,980","7,180","7,290","7,830","8,140","7,320","7,490","7,750","6,930","5,760","3,420","2,760","1,430","1,000"
,Bendemeer,"37,570","1,900","1,760","1,460","1,370","1,490","2,310","3,280","3,240","3,070","2,740","2,350","2,380","2,690","2,500","1,990","1,220",940,500,370
,Boon Keng,"11,790",410,450,410,500,550,760,860,800,810,850,880,910,970,840,710,410,370,210,120
,Crawford,"8,380",220,200,240,260,330,430,400,390,460,550,620,810,860,790,730,440,350,180,130
,Geylang Bahru,"11,280",270,330,440,530,600,660,660,630,780,940,940,980,940,810,670,430,360,200,120
,Kallang Bahru,20,-,-,-,-,-,-,-,-,-,-,-,-,-,-,-,-,-,-,-
,Kampong Bugis,920,40,20,20,40,50,100,80,70,60,70,50,60,90,70,60,20,10,10,10
,Kampong Java,"10,530",330,450,460,450,520,640,660,710,830,920,780,790,760,700,650,350,300,140,100
,Lavender,"9,690",350,400,430,430,430,580,640,670,770,870,720,750,730,640,540,290,250,110,90
,Tanjong Rhu,"11,110",410,530,630,700,590,500,600,790,"1,050","1,200",990,820,690,580,420,270,180,80,70
Lim Chu Kang,Total,110,10,-,10,10,10,10,-,10,-,10,10,10,10,10,10,-,-,-,-
,Lim Chu Kang,110,10,-,10,10,10,10,-,10,-,10,10,10,10,10,10,-,-,-,-
Mandai,Total,"2,090",60,90,120,130,170,170,120,130,140,190,160,180,150,90,80,40,30,20,10
,Mandai East,-,-,-,-,-,-,-,-,-,-,-,-,-,-,-,-,-,-,-,-
,Mandai Estate,"2,090",60,90,120,130,170,170,120,130,140,190,160,180,150,90,80,40,30,20,10
,Mandai West,-,-,-,-,-,-,-,-,-,-,-,-,-,-,-,-,-,-,-,-
Marina East,Total,-,-,-,-,-,-,-,-,-,-,-,-,-,-,-,-,-,-,-,-
,Marina East,-,-,-,-,-,-,-,-,-,-,-,-,-,-,-,-,-,-,-,-
Marina South,Total,-,-,-,-,-,-,-,-,-,-,-,-,-,-,-,-,-,-,-,-
,Marina South,-,-,-,-,-,-,-,-,-,-,-,-,-,-,-,-,-,-,-,-
"Marine 
Parade",Total,"46,220","1,890","2,420","2,420","2,360","2,390","2,500","2,390","3,070","3,730","4,150","3,440","3,270","3,020","2,560","2,480","1,550","1,340",750,490
,East Coast,-,-,-,-,-,-,-,-,-,-,-,-,-,-,-,-,-,-,-,-
,Katong,"9,360",390,500,490,500,500,560,490,670,830,880,710,670,600,500,410,250,210,130,90
,Marina East (Mp),-,-,-,-,-,-,-,-,-,-,-,-,-,-,-,-,-,-,-,-
,Marine Parade,"26,880","1,060","1,420","1,390","1,300","1,320","1,330","1,320","1,730","2,100","2,360","2,010","1,870","1,770","1,520","1,550","1,050",960,500,320
,Mountbatten,"9,980",450,490,540,560,570,610,580,680,800,910,720,740,650,540,520,250,170,120,90
Museum,Total,510,20,30,10,20,20,30,50,70,60,60,40,40,20,20,20,10,-,-,10
,Bras Basah,10,-,-,-,-,-,-,-,-,-,-,-,-,-,-,-,-,-,-,-
,Dhoby Ghaut,320,10,20,-,10,10,20,50,60,50,30,20,20,10,10,10,-,-,-,-
,Fort Canning,190,10,10,10,10,10,10,10,10,20,30,20,20,10,10,10,-,-,-,-
Newton,Total,"8,260",380,590,520,380,340,390,470,620,770,850,690,600,470,400,370,160,120,90,60
,Cairnhill,"3,880",180,260,240,170,170,190,240,320,360,390,320,270,230,190,170,70,60,40,30
,Goodwood Park,"1,260",70,140,90,60,40,60,80,100,130,130,80,90,60,50,40,20,20,10,10
,Istana Negara,60,-,-,-,-,-,-,-,-,-,-,-,-,-,-,-,-,-,-,-
,Monk's Hill,"1,030",60,80,60,50,50,50,50,80,100,110,80,80,50,40,40,30,20,10,10
,Newton Circus,250,10,20,20,10,10,10,10,20,30,30,30,20,10,10,10,-,-,-,-
,Orange Grove,"1,790",70,90,110,80,70,80,90,100,150,180,170,150,130,120,100,40,30,20,10
North-Eastern Islands,Total,50,-,-,-,-,-,-,-,-,-,-,-,-,-,-,-,-,-,-,-
,North-Eastern Islands,50,-,-,-,-,-,-,-,-,-,-,-,-,-,-,-,-,-,-,-
Novena,Total,"49,330","2,170","2,890","2,620","2,270","2,400","2,800","3,270","3,670","4,170","4,330","3,610","3,400","3,070","2,710","2,280","1,410","1,140",710,430
,Balestier,"32,430","1,320","1,430","1,460","1,390","1,620","2,000","2,420","2,410","2,510","2,730","2,390","2,320","2,240","1,900","1,640","1,010",850,500,300
,Dunearn,"3,960",140,210,280,260,260,220,170,190,260,330,330,310,250,220,190,140,100,70,40
,Malcolm,"2,950",150,220,210,180,140,140,130,170,250,270,200,220,170,160,140,90,60,50,40
,Moulmein,"9,300",530,"1,000",630,400,340,390,510,860,"1,130",960,630,500,370,370,270,160,120,80,40
,Mount Pleasant,690,30,30,40,40,50,50,40,40,20,40,50,70,50,50,40,20,10,10,10
Orchard,Total,920,50,50,60,40,30,30,60,70,90,100,70,50,70,60,50,20,20,-,-
,Boulevard,410,20,20,20,10,10,20,30,30,30,40,20,20,40,40,20,10,10,-,-
,Somerset,140,10,10,-,-,10,10,10,10,10,10,20,-,10,-,10,-,-,-,-
,Tanglin,370,20,20,30,20,10,10,20,30,40,40,30,30,20,20,20,10,10,-,-
Outram,Total,"18,340",650,800,750,530,680,900,"1,070","1,270","1,500","1,430","1,230","1,400","1,460","1,360","1,250",710,660,340,360
,China Square,"1,430",30,30,30,30,50,70,80,110,90,120,90,130,130,160,130,60,60,30,20
,Chinatown,"10,490",450,580,520,310,370,550,690,860,"1,140",880,690,690,660,580,550,320,290,160,190
,Pearl's Hill,"6,120",170,190,190,180,250,250,260,270,250,400,440,570,650,600,550,330,300,140,160
,People's Park,290,-,-,-,10,10,40,40,30,20,30,10,20,20,30,20,10,10,10,-
Pasir Ris,Total,"147,110","5,690","6,550","7,700","9,360","12,450","13,400","9,040","8,890","9,790","10,850","13,010","13,830","10,200","6,750","4,330","2,230","1,620",920,520
,Flora Drive,"14,680",530,690,850,940,"1,000","1,030",860,910,"1,260","1,360","1,260","1,200",980,670,480,260,210,110,80
,Loyang East,"2,140",60,60,100,150,160,190,110,100,130,170,170,190,200,150,100,50,30,20,10
,Loyang West,220,-,-,-,-,-,-,-,-,-,-,-,10,10,20,20,30,50,40,30
,Pasir Ris Central,"32,240","1,640","1,730","1,670","1,860","2,450","2,680","2,390","2,510","2,270","2,280","2,590","2,890","2,100","1,340",830,450,310,180,90
,Pasir Ris Drive,"54,420","1,730","1,990","2,570","3,380","4,960","5,870","3,260","2,650","2,880","3,460","4,750","5,660","4,380","2,930","1,880",900,640,360,190
,Pasir Ris Park,"7,620",460,580,540,500,460,360,530,730,910,790,640,470,250,180,120,60,30,20,10
,Pasir Ris Wafer Fab Park,10,-,-,-,-,-,-,-,-,-,-,-,-,-,-,-,-,-,-,-
,Pasir Ris West,"35,790","1,260","1,500","1,960","2,530","3,420","3,280","1,880","2,000","2,350","2,800","3,590","3,430","2,280","1,460",900,500,350,200,110
Paya Lebar,Total,40,-,-,-,-,-,-,-,-,-,-,-,-,-,-,-,-,-,-,-
,Airport Road,-,-,-,-,-,-,-,-,-,-,-,-,-,-,-,-,-,-,-,-
,Paya Lebar East,10,-,-,-,-,-,-,-,-,-,-,-,-,-,-,-,-,-,-,-
,Paya Lebar North,30,-,-,-,-,-,-,-,-,-,-,-,-,-,-,-,-,-,-,-
,Paya Lebar West,-,-,-,-,-,-,-,-,-,-,-,-,-,-,-,-,-,-,-,-
,Plab,-,-,-,-,-,-,-,-,-,-,-,-,-,-,-,-,-,-,-,-
Pioneer,Total,80,-,-,-,-,-,-,-,-,-,-,-,-,-,-,-,-,-,-,-
,Benoi Sector,10,-,-,-,-,-,-,-,-,-,-,-,-,-,-,-,-,-,-,-
,Gul Basin,10,-,-,-,-,-,-,-,-,-,-,-,-,-,-,-,-,-,-,-
,Gul Circle,20,-,-,-,-,-,-,-,-,-,-,-,-,-,-,-,-,-,-,-
,Joo Koon,30,-,-,-,-,-,-,-,-,-,-,-,-,-,-,-,-,-,-,-
,Pioneer Sector,-,-,-,-,-,-,-,-,-,-,-,-,-,-,-,-,-,-,-,-
Punggol,Total,"174,450","16,160","15,330","11,410","8,570","6,820","8,330","17,200","22,190","17,420","14,040","9,290","7,890","6,440","5,370","3,990","1,900","1,190",620,330
,Coney Island,-,-,-,-,-,-,-,-,-,-,-,-,-,-,-,-,-,-,-,-
,Matilda,"52,200","5,430","4,850","3,150","2,210","1,860","2,640","5,470","7,490","5,120","3,820","2,550","2,140","1,730","1,550","1,120",540,320,150,80
,Northshore,460,20,20,20,30,40,40,40,10,30,40,40,30,40,20,20,10,10,10,-
,Punggol Canal,-,-,-,-,-,-,-,-,-,-,-,-,-,-,-,-,-,-,-,-
,Punggol Field,"48,960","2,420","3,360","3,940","3,390","2,650","2,470","2,760","4,020","5,100","5,150","3,390","2,930","2,510","1,920","1,430",680,470,240,140
,Punggol Town Centre,"22,260","2,820","2,180","1,140",810,640,"1,010","3,030","3,430","2,130","1,440",980,790,620,500,380,170,130,70,30
,Waterway East,"50,580","5,470","4,930","3,160","2,140","1,640","2,160","5,910","7,240","5,040","3,590","2,340","2,000","1,540","1,390","1,040",500,270,160,70
Queenstown,Total,"95,930","3,980","4,280","4,190","4,120","4,620","5,910","6,640","7,180","7,300","7,430","6,850","6,850","6,260","5,720","5,420","3,480","3,000","1,760",930
,Commonwealth,"7,000",140,200,260,280,300,400,420,420,460,570,570,610,570,460,440,320,300,200,100
,Dover,"11,080",350,540,650,630,650,670,550,690,890,950,910,820,700,610,620,370,310,130,60
,Ghim Moh,"13,850",850,660,560,500,590,790,"1,310","1,110",910,890,800,860,820,800,910,590,470,290,130
,Holland Drive,"12,680",350,350,360,470,540,800,830,730,910,"1,070",970,950,850,860,910,670,570,300,180
,Kent Ridge,80,-,-,-,-,-,-,-,-,-,-,-,-,-,-,-,-,-,-,-
,Margaret Drive,"16,090","1,120","1,200",800,570,590,860,"1,260","1,990","1,570","1,130",890,850,790,740,690,380,330,210,130
,Mei Chin,"15,570",460,540,700,800,920,"1,120",960,870,980,"1,190","1,250","1,300","1,220","1,030",780,510,480,300,170
,National University Of Singapore,240,-,10,10,10,120,30,20,10,10,20,10,10,-,-,-,-,-,-,-
,One North,720,40,60,50,30,20,30,40,100,80,100,80,40,20,20,10,-,-,-,-
,Pasir Panjang 1,"4,510",160,190,240,260,270,350,310,340,410,410,350,340,280,240,180,80,60,40,10
,Pasir Panjang 2,"3,060",90,130,140,160,200,250,180,180,210,210,240,250,230,280,160,70,50,10,20
,Port,120,-,-,10,-,10,10,10,10,10,-,10,10,10,10,10,-,-,-,-
,Queensway,270,10,-,10,10,20,20,20,20,20,30,30,20,20,20,20,10,-,-,-
,Singapore Polytechnic,100,-,-,-,-,-,-,-,-,-,-,-,-,-,-,-,-,-,-,-
,Tanglin Halt,"10,590",400,390,400,400,390,580,730,720,850,850,750,770,740,660,680,470,420,270,140
River Valley,Total,"10,070",450,610,560,530,410,530,600,850,"1,040","1,080",880,650,570,450,400,220,140,60,60
,Institution Hill,"3,150",200,270,190,140,120,130,180,350,420,350,220,140,120,130,110,40,30,10,10
,Leonie Hill,"3,120",120,160,180,180,130,180,190,240,300,390,300,220,190,130,110,50,30,20,10
,One Tree Hill,"2,070",70,80,110,120,110,110,100,140,150,190,210,170,150,110,100,70,40,20,20
,Oxley,"1,490",50,70,70,70,50,100,100,110,140,130,120,110,90,70,80,50,30,10,20
,Paterson,240,10,20,10,10,10,10,20,30,30,30,20,20,10,10,10,-,-,-,-
Rochor,Total,"13,120",410,430,480,520,590,760,920,970,"1,070","1,110",930,960,"1,020",910,790,490,350,230,210
,Bencoolen,"1,310",40,40,40,40,60,80,100,90,100,110,110,110,110,100,70,40,30,30,30
,Farrer Park,"2,660",80,90,120,120,120,150,180,200,230,240,200,170,200,190,140,80,50,50,40
,Kampong Glam,120,-,-,-,-,-,10,10,10,10,10,-,10,10,10,-,-,-,10,20
,Little India,"3,270",80,70,120,140,180,210,190,180,230,260,230,250,290,260,220,140,100,60,60
,Mackenzie,110,-,10,-,10,-,10,10,20,20,10,10,-,-,-,-,-,-,-,-
,Mount Emily,"1,630",90,90,70,60,40,90,170,230,220,200,100,80,70,50,30,10,10,10,10
,Rochor Canal,-,-,-,-,-,-,-,-,-,-,-,-,-,-,-,-,-,-,-,-
,Selegie,210,-,10,10,10,10,10,10,20,30,10,10,10,10,10,10,10,10,10,10
,Sungei Road,"2,050",70,90,70,100,110,110,120,130,110,140,150,170,160,150,150,100,70,40,20
,Victoria,"1,760",40,30,40,40,70,90,130,110,120,120,120,150,160,140,160,100,80,30,30
Seletar,Total,300,10,10,20,20,30,10,10,10,20,40,40,30,20,10,10,-,10,-,-
,Pulau Punggol Barat,-,-,-,-,-,-,-,-,-,-,-,-,-,-,-,-,-,-,-,-
,Pulau Punggol Timor,-,-,-,-,-,-,-,-,-,-,-,-,-,-,-,-,-,-,-,-
,Seletar,280,10,10,20,20,30,10,-,10,20,40,40,20,10,10,10,-,10,-,-
,Seletar Aerospace Park,20,-,-,-,-,-,-,-,-,-,-,-,-,-,-,-,-,-,-,-
Sembawang,Total,"102,640","6,310","5,820","6,400","6,400","6,030","7,690","9,130","8,570","8,630","8,960","7,310","6,720","5,530","3,790","2,370","1,330",900,520,260
,Admiralty,"13,920",700,860,960,880,800,820,990,"1,210","1,220","1,300",980,940,820,560,380,230,150,100,40
,Sembawang Central,"34,800","1,830","1,940","2,120","2,210","2,250","2,570","2,810","2,790","2,840","3,100","2,600","2,500","2,130","1,350",780,440,310,170,90
,Sembawang East,"17,340","2,070",850,800,780,780,"2,100","2,690","1,460","1,290","1,190","1,000",840,540,410,260,140,80,50,20
,Sembawang North,"25,540","1,080","1,520","1,770","1,810","1,580","1,520","1,610","2,140","2,260","2,390","1,940","1,800","1,600","1,130",670,340,220,120,60
,Sembawang Springs,"9,090",560,550,640,580,460,550,940,860,870,810,640,470,320,270,210,140,120,70,60
,Sembawang Straits,"1,910",60,100,120,140,160,140,100,110,140,160,160,180,120,80,70,40,20,10,10
,Senoko North,10,-,-,-,-,-,-,-,-,-,-,-,-,-,-,-,-,-,-,-
,Senoko South,30,-,-,-,-,-,-,-,-,-,-,-,-,-,-,-,-,-,-,-
,The Wharves,-,-,-,-,-,-,-,-,-,-,-,-,-,-,-,-,-,-,-,-
Sengkang,Total,"249,370","16,380","17,600","15,930","13,630","13,180","14,320","21,500","25,100","22,600","20,390","15,940","14,960","13,640","10,070","6,820","3,390","2,160","1,130",660
,Anchorvale,"48,120","3,790","3,850","3,290","2,620","2,060","2,470","4,690","5,240","4,520","4,160","2,660","2,370","2,290","1,730","1,200",610,330,160,90
,Compassvale,"20,960","1,670","1,830","1,450",900,630,990,"1,980","2,760","2,590","1,640",970,900,830,740,540,280,180,60,30
,Fernvale,"58,800","4,830","5,270","3,970","2,780","2,390","2,660","5,430","7,280","6,060","4,590","3,320","2,800","2,400","1,910","1,410",750,500,290,170
,Lorong Halus North,-,-,-,-,-,-,-,-,-,-,-,-,-,-,-,-,-,-,-,-
,Rivervale,"59,700","2,500","3,060","3,670","3,840","4,170","4,090","4,030","4,300","4,520","5,200","4,540","4,630","4,220","3,030","1,970",880,570,310,170
,Sengkang Town Centre,"61,790","3,590","3,590","3,550","3,490","3,940","4,110","5,380","5,530","4,910","4,800","4,450","4,260","3,890","2,660","1,700",870,590,310,200
,Sengkang West,10,-,-,-,-,-,-,-,-,-,-,-,-,-,-,-,-,-,-,-
Serangoon,Total,"116,900","3,550","4,380","5,190","6,160","7,520","9,320","8,020","6,930","7,240","8,220","8,390","9,410","10,090","8,410","6,210","3,220","2,470","1,380",810
,Lorong Chuan,"8,490",290,390,480,570,610,640,490,450,530,660,710,730,640,450,340,170,180,100,80
,Seletar Hills,"14,700",450,640,760,880,"1,100","1,150",860,730,870,"1,100","1,100","1,200","1,140",970,750,430,320,170,90
,Serangoon Central,"24,760",700,780,880,"1,190","1,400","2,000","1,920","1,640","1,440","1,730","1,670","1,970","2,330","2,000","1,430",700,550,260,150
,Serangoon Garden,"36,080","1,040","1,170","1,530","1,800","2,240","2,650","2,300","1,950","2,190","2,510","2,510","2,830","3,240","2,890","2,200","1,200",910,560,360
,Serangoon North,"15,940",480,610,800,950,"1,260","1,450","1,020",940,"1,000","1,060","1,290","1,470","1,340","1,000",620,300,200,110,40
,Serangoon North Ind Estate,10,-,-,-,-,-,-,-,-,-,-,-,-,-,-,-,-,-,-,-
,Upper Paya Lebar,"16,920",590,780,740,780,900,"1,430","1,430","1,210","1,210","1,160","1,110","1,210","1,390","1,100",880,440,310,170,90
Simpang,Total,-,-,-,-,-,-,-,-,-,-,-,-,-,-,-,-,-,-,-,-
,Pulau Seletar,-,-,-,-,-,-,-,-,-,-,-,-,-,-,-,-,-,-,-,-
,Simpang North,-,-,-,-,-,-,-,-,-,-,-,-,-,-,-,-,-,-,-,-
,Simpang South,-,-,-,-,-,-,-,-,-,-,-,-,-,-,-,-,-,-,-,-
,Tanjong Irau,-,-,-,-,-,-,-,-,-,-,-,-,-,-,-,-,-,-,-,-
Singapore River,Total,"3,260",210,260,190,120,100,130,180,360,410,380,270,200,140,100,90,50,30,10,20
,Boat Quay,130,-,-,-,-,-,10,-,10,10,10,10,10,10,10,10,10,10,-,-
,Clarke Quay,130,10,10,10,-,10,10,10,10,10,20,10,10,-,-,-,-,-,-,10
,Robertson Quay,"3,010",200,240,180,120,100,110,170,330,390,360,250,180,120,90,80,50,30,10,10
Southern Islands,Total,"1,940",110,140,110,100,90,90,90,150,170,230,210,190,120,70,30,20,10,-,-
,Sentosa,"1,940",110,140,110,100,90,90,90,150,170,230,210,190,120,70,30,20,10,-,-
,Southern Group,-,-,-,-,-,-,-,-,-,-,-,-,-,-,-,-,-,-,-,-
Straits View,Total,-,-,-,-,-,-,-,-,-,-,-,-,-,-,-,-,-,-,-,-
,Straits View,-,-,-,-,-,-,-,-,-,-,-,-,-,-,-,-,-,-,-,-
Sungei Kadut,Total,750,20,40,40,30,50,50,40,50,40,60,60,60,60,40,40,20,30,10,10
,Gali Batu,30,-,-,-,-,-,-,-,-,-,-,-,-,-,-,-,-,-,-,-
,Kranji,10,-,-,-,-,-,-,-,-,-,-,-,-,-,-,-,-,-,-,-
,Pang Sua,20,-,-,-,-,-,-,-,-,-,-,-,-,-,-,-,-,-,-,-
,Reservoir View,20,-,-,-,-,-,-,-,-,-,-,-,-,-,-,-,-,-,-,-
,Turf Club,670,20,30,30,30,50,50,40,40,40,50,50,50,50,40,40,20,30,10,10
Tampines,Total,"259,900","11,740","11,480","11,990","13,290","17,590","21,840","19,990","18,120","16,880","17,060","18,730","21,570","21,360","16,360","10,540","4,810","3,490","1,950","1,110"
,Simei,"39,450","1,360","1,710","1,960","2,120","2,660","3,210","2,540","2,650","2,850","2,990","2,950","3,360","3,190","2,450","1,660",720,560,290,220
,Tampines East,"130,980","5,390","5,400","5,910","6,680","9,230","11,060","9,400","8,850","8,150","8,350","9,710","11,350","11,330","8,630","5,510","2,570","1,870","1,040",580
,Tampines North,"8,040","1,150",530,260,240,200,"1,060","1,620",730,440,290,300,240,260,250,220,80,80,70,40
,Tampines West,"79,670","3,790","3,780","3,800","4,150","5,340","6,340","6,320","5,820","5,360","5,320","5,640","6,390","6,410","4,930","3,090","1,420",970,540,270
,Xilin,"1,760",40,70,70,100,160,170,120,70,80,110,130,230,180,110,60,20,20,10,-
Tanglin,Total,"21,810","1,070","1,590","1,370","1,100","1,000","1,010","1,200","1,630","2,000","2,200","1,760","1,440","1,250","1,100",920,510,340,200,140
,Chatsworth,"6,890",340,440,410,310,270,290,420,610,720,780,600,420,350,310,280,170,90,50,30
,Nassim,"9,520",500,810,630,540,440,430,480,680,860,940,710,620,540,470,400,200,140,80,70
,Ridout,"1,520",80,100,80,70,70,80,90,100,120,120,120,110,100,90,80,40,30,20,20
,Tyersall,"3,880",160,240,250,190,210,210,220,230,300,360,330,290,260,220,160,110,80,50,30
Tengah,Total,10,-,-,-,-,-,-,-,-,-,-,-,-,-,-,-,-,-,-,-
,Brickland,-,-,-,-,-,-,-,-,-,-,-,-,-,-,-,-,-,-,-,-
,Forest Hill,10,-,-,-,-,-,-,-,-,-,-,-,-,-,-,-,-,-,-,-
,Garden,-,-,-,-,-,-,-,-,-,-,-,-,-,-,-,-,-,-,-,-
,Park,-,-,-,-,-,-,-,-,-,-,-,-,-,-,-,-,-,-,-,-
,Plantation,-,-,-,-,-,-,-,-,-,-,-,-,-,-,-,-,-,-,-,-
,Tengah Industrial Estate,-,-,-,-,-,-,-,-,-,-,-,-,-,-,-,-,-,-,-,-
Toa Payoh,Total,"121,850","4,350","5,060","5,300","5,480","6,180","8,170","8,360","8,010","8,580","9,490","8,780","9,150","9,320","7,810","6,760","4,370","3,650","1,970","1,070"
,Bidadari,-,-,-,-,-,-,-,-,-,-,-,-,-,-,-,-,-,-,-,-
,Boon Teck,"14,660",580,570,570,660,770,"1,000","1,080",860,780,"1,010","1,030","1,170","1,190",980,830,600,530,290,180
,Braddell,"9,810",310,430,470,460,560,700,580,590,670,730,720,740,740,650,530,360,310,160,110
,Joo Seng,"8,150",360,370,410,340,390,550,700,650,640,660,550,560,530,480,400,220,180,100,70
,Kim Keat,"7,960",200,240,300,310,440,630,520,440,510,580,560,640,780,600,510,300,230,120,60
,Lorong 8 Toa Payoh,"7,160",140,200,240,310,410,500,380,370,430,530,550,610,620,530,480,350,280,160,80
,Pei Chun,"10,360",260,370,450,530,560,600,520,560,700,850,890,870,870,660,610,440,350,180,90
,Potong Pasir,"11,720",360,450,460,520,510,730,840,820,870,940,810,840,980,960,780,390,260,160,50
,Sennett,"7,190",420,380,350,350,310,600,770,570,500,530,370,420,430,370,320,180,140,90,90
,Toa Payoh Central,"28,020","1,060","1,430","1,390","1,300","1,490","1,800","1,690","2,000","2,330","2,350","2,090","2,030","1,920","1,510","1,320",900,760,430,220
,Toa Payoh West,"14,360",560,500,510,530,610,880,"1,130",960,950,"1,090","1,000","1,100","1,090",950,910,610,580,270,140
,Woodleigh,"2,450",100,130,160,160,140,180,150,190,190,220,200,160,170,140,90,30,20,20,10
Tuas,Total,70,-,-,-,-,-,-,-,-,-,-,-,-,-,-,-,-,-,-,-
,Tengeh,-,-,-,-,-,-,-,-,-,-,-,-,-,-,-,-,-,-,-,-
,Tuas Bay,10,-,-,-,-,-,-,-,-,-,-,-,-,-,-,-,-,-,-,-
,Tuas North,30,-,-,-,-,-,-,-,-,-,-,-,-,-,-,-,-,-,-,-
,Tuas Promenade,10,-,-,-,-,-,-,-,-,-,-,-,-,-,-,-,-,-,-,-
,Tuas View,10,-,-,-,-,-,-,-,-,-,-,-,-,-,-,-,-,-,-,-
,Tuas View Extension,10,-,-,-,-,-,-,-,-,-,-,-,-,-,-,-,-,-,-,-
Western Islands,Total,10,-,-,-,-,-,-,-,-,-,-,-,-,-,-,-,-,-,-,-
,Jurong Island And Bukom,10,-,-,-,-,-,-,-,-,-,-,-,-,-,-,-,-,-,-,-
,Semakau,-,-,-,-,-,-,-,-,-,-,-,-,-,-,-,-,-,-,-,-
,Sudong,-,-,-,-,-,-,-,-,-,-,-,-,-,-,-,-,-,-,-,-
Western Water Catchment,Total,640,30,50,20,20,130,50,30,60,70,40,30,50,50,10,-,-,-,-,-
,Bahar,-,-,-,-,-,-,-,-,-,-,-,-,-,-,-,-,-,-,-,-
,Cleantech,-,-,-,-,-,-,-,-,-,-,-,-,-,-,-,-,-,-,-,-
,Murai,640,30,50,20,20,130,50,30,60,70,40,30,50,50,10,-,-,-,-,-
Woodlands,Total,"255,130","11,490","12,540","14,460","17,110","21,430","20,740","18,160","17,730","17,910","20,320","21,560","20,200","15,890","10,830","6,980","3,530","2,410","1,260",580
,Greenwood Park,40,-,-,-,-,-,-,-,-,-,-,-,-,-,-,-,-,-,-,-
,Midview,"35,270","1,590","1,640","1,870","2,480","3,460","3,220","2,480","2,290","2,100","2,520","3,270","2,960","2,100","1,400",830,470,320,160,110
,North Coast,"12,100",300,350,470,650,970,"1,000",700,640,700,850,"1,030","1,210","1,030",800,670,340,230,120,50
,Senoko West,20,-,-,-,-,-,-,-,-,-,-,-,-,-,-,-,-,-,-,-
,Woodgrove,"33,790",980,"1,330","1,740","2,280","3,320","3,210","2,060","1,930","2,170","2,610","3,300","3,000","2,350","1,500",920,480,340,190,110
,Woodlands East,"98,980","4,960","5,280","6,010","6,880","8,020","7,660","7,520","7,270","7,460","8,490","8,020","7,510","5,710","3,680","2,220","1,030",720,380,170
,Woodlands Regional Centre,10,-,-,-,-,-,-,-,-,-,-,-,-,-,-,-,-,-,-,-
,Woodlands South,"41,000","2,100","2,620","2,850","2,990","3,080","2,630","2,880","3,420","3,540","3,590","3,190","2,600","2,020","1,510","1,000",480,290,170,60
,Woodlands West,"33,910","1,560","1,320","1,510","1,830","2,590","3,010","2,530","2,170","1,930","2,250","2,740","2,920","2,680","1,940","1,340",730,520,250,100
Yishun,Total,"221,610","11,670","11,480","10,950","11,250","13,020","16,710","18,780","17,930","16,220","15,820","15,350","17,760","15,820","12,110","7,980","3,960","2,670","1,420",730
,Khatib,"10,250",310,320,380,460,590,940,800,640,590,650,740,"1,010","1,040",770,510,250,130,90,40
,Lower Seletar,"18,660","2,220","1,690","1,160",940,770,"1,150","2,740","2,220","1,490","1,260",870,730,530,350,260,120,90,40,30
,Nee Soon,890,30,50,50,60,50,50,50,40,60,90,80,90,60,50,40,30,10,10,10
,Northland,"28,000",910,"1,030","1,350","1,510","1,910","2,320","1,990","1,790","1,920","1,940","2,100","2,640","2,480","1,790","1,140",540,370,180,100
,Springleaf,"4,370",130,170,250,300,320,410,250,180,260,310,290,370,350,290,240,120,80,30,20
,Yishun Central,"2,620",100,120,150,130,170,220,200,210,230,220,190,210,170,150,80,50,30,20,10
,Yishun East,"60,670","4,270","4,410","3,270","2,970","3,300","4,220","5,420","6,320","5,050","4,090","3,850","4,190","3,440","2,590","1,670",730,510,250,120
,Yishun South,"42,240","1,930","1,690","1,920","2,090","2,500","3,600","3,720","2,940","2,810","3,010","2,890","3,690","3,250","2,570","1,740",830,580,320,170
,Yishun West,"53,910","1,780","1,990","2,440","2,790","3,410","3,810","3,590","3,600","3,810","4,230","4,330","4,840","4,500","3,580","2,320","1,280",880,480,240
